<?xml version="1.0" encoding="UTF-8"?>
<beans xmlns="http://www.springframework.org/schema/beans"
	xmlns:xsi="http://www.w3.org/2001/XMLSchema-instance" 
        xmlns:context="http://www.springframework.org/schema/context"
        xmlns:mvc="http://www.springframework.org/schema/mvc"
	xmlns:aop="http://www.springframework.org/schema/aop"
	xsi:schemaLocation="http://www.springframework.org/schema/beans
    http://www.springframework.org/schema/beans/spring-beans-3.0.xsd
    http://www.springframework.org/schema/context
    http://www.springframework.org/schema/context/spring-context-3.0.xsd
    http://www.springframework.org/schema/mvc 
    http://www.springframework.org/schema/mvc/spring-mvc-3.0.xsd
    http://www.springframework.org/schema/aop 
    http://www.springframework.org/schema/aop/spring-aop-3.0.xsd">
    
<mvc:annotation-driven/>
<context:component-scan base-package="com.deloitte.studentmark.bean"></context:component-scan>
<context:component-scan base-package="com.deloitte.studentmark.controller"></context:component-scan>
<context:component-scan base-package="com.deloitte.studentmark.calculation"></context:component-scan>


<bean id="viewResolver"
class="org.springframework.web.servlet.view.InternalResourceViewResolver">
<property name="prefix" value="/WEB-INF/views/"></property>
<property name="suffix" value=".jsp"></property>
</bean>

<bean id="dataSource" class="org.springframework.jdbc.datasource.DriverManagerDataSource">
    <property name="driverClassName" value="oracle.jdbc.OracleDriver"></property>
    <property name="url" value="jdbc:oracle:thin:@localhost:1521:orcl"></property>
    <property name="username" value="scott"></property>
    <property name="password" value="tiger"></property>
    </bean>
    <bean id ="jdbcTemplate" class="org.springframework.jdbc.core.JdbcTemplate">
    <property name="dataSource" ref="dataSource"></property>
    </bean>
    <bean id="StudentDao" class="com.deloitte.studentmark.dao.StudentDao"></bean>

</beans>